{
  "blocked_ips": {
    "152.32.138.230": {
      "reason": "Consecutive 404 errors (5)",
      "blocked_at": 1758568030.3568637,
      "blocked_until": 1758571630.3568637,
      "duration": 3600
    }
  },
  "whitelist": [
    "34.174.132.172",
    "71.208.153.160",
    "34.174.15.163",
    "71.3.65.146",
    "71.3.79.113",
    "99.39.242.191"
  ],
  "trusted_networks": [],
  "saved_at": 1758569550.6327174
}